,Avg_temp,Max_temp,Min_temp,Avg_relative_humidity(%),Total_rainfall_snowmelt(mm),Avg_visibility,Avg_wind_speed,Max_sustained_wind_speed,PM2.5
0,23.4,30.3,19,59,0,6.3,4.3,5.4,284.79583333333335
1,22.4,30.3,16.9,57,0,6.9,3.3,7.6,219.72083333333333
2,24,31.8,16.9,51,0,6.9,2.8,5.4,182.1875
3,22.8,30.2,17.6,55,0,7.7,3.7,7.6,154.03750000000002
4,23.1,30.6,17.4,46,0,6.9,3.3,5.4,223.20833333333334
5,22.9,30.6,17.4,51,0,6.9,3.5,3.5,200.64583333333337
6,22.3,30.1,15.7,43,0,6.9,2.8,5.4,285.22499999999997
7,21.8,30.6,14.8,41,0,6.9,1.9,5.4,236.82499999999996
8,21.6,30.6,14.2,43,0,6.9,3.1,7.6,276.90833333333336
9,21.6,29.6,16.4,58,0,6.9,2.2,3.5,108.0
10,21.9,29.6,16.6,58,0,6.9,2.4,5.4,107.625
11,22.3,29.9,17.5,55,0,6.9,3.1,5.4,125.89166666666667
12,21.6,29.1,15.5,47,0,7.7,4.8,7.6,181.01250000000005
13,21.8,29.2,14.6,41,0,6.9,2.8,3.5,152.55416666666667
14,22.3,30.1,15.6,40,0,6.9,2.4,5.4,152.32083333333335
15,22.1,29.8,17.3,54,0,6.9,5.2,9.4,319.7375
16,21.6,29.2,15.3,51,0,6.9,3.9,5.4,332.7083333333333
17,21.4,29.2,15.2,45,0,6.9,2.8,5.4,279.59999999999997
18,21.8,29.6,14.4,37,0,7.4,2.2,3.5,179.11666666666667
19,24.6,32.2,18.8,55,0,6.9,2.2,3.5,54.791666666666664
20,24.6,32.2,21,63,0.51,5.5,3.9,9.4,93.375
21,23.9,31.6,19,51,0,6.6,5.9,9.4,103.0
22,24.5,31.5,18.9,49,0,6.9,4.8,9.4,132.20833333333334
23,23.9,31.5,19.7,64,0,6.3,5.2,9.4,127.70833333333333
24,24.3,31.4,20.2,68,0,6.9,3.5,5.4,109.33333333333333
25,24.8,31.8,20.5,62,0,6.3,2,5.4,56.458333333333336
26,24.5,32.2,19.7,59,0,6.6,3.9,5.4,135.83333333333334
27,24.3,32.2,18,47,0,6.9,5,9.4,122.5
28,24.1,33.4,15.9,29,0,7.7,3.5,5.4,69.66666666666667
29,24.7,32.4,16.3,30,0,6.9,5,9.4,79.83333333333333
30,24.7,32.4,16.9,32,0,6.9,0.9,3.5,62.708333333333336
31,25.5,33,18.5,26,0,6.9,3.9,5.4,21.208333333333332
32,25.5,33,18.9,34,0,6.9,4.6,7.6,1.9166666666666667
33,25.3,33.2,18.5,31,0,6.9,3.5,5.4,1.8333333333333333
34,24,30.4,21,71,0,6.3,5.2,5.4,105.83333333333333
35,25.4,32,20,56,0.51,6.9,3.5,5.4,117.58333333333333
36,25.8,34.1,20.3,51,0,6.6,1.5,3.5,122.70833333333333
37,27.1,34.8,20.2,30,0,6.9,3.1,5.4,111.95833333333333
38,26.8,34.7,20.7,34,0,6.9,2.4,5.4,59.208333333333336
39,25.3,34.2,18.9,40,0,6.9,3.9,5.4,77.20833333333333
40,26.9,34.6,19.9,37,0,6.9,5,5.4,98.70833333333333
41,27.1,34.6,20.4,39,0,6.9,5,7.6,123.70833333333333
42,26.8,34.5,20.5,32,0,6.9,4.6,7.6,64.79166666666667
43,28.1,34.8,21.3,44,0,6.3,3.9,7.6,52.333333333333336
44,28.8,35.4,23.2,44,0,6.9,4.3,5.4,52.041666666666664
45,28.5,35.8,22.9,39,0,6.9,3.7,7.6,128.33333333333334
46,28.1,36.5,22.4,57,0,6.9,3.1,5.4,0.0
47,27.2,36.5,20.7,58,11.94,6.9,4.3,7.6,23.208333333333332
48,26.9,34.9,22.2,54,0,6.9,5,11.1,15.166666666666666
49,27.8,34.9,22.1,58,1.02,6.9,3.5,7.6,21.25
50,29.9,36.8,23.3,41,0,6.9,3.7,7.6,81.83333333333333
51,29.4,36.8,24.4,44,0,6.9,2,7.6,105.33333333333333
52,29.6,36,24.5,42,0,6.9,3.9,7.6,117.75
53,27.7,36.2,21.4,42,0,6.9,3.5,3.5,84.5
54,29.2,35.9,23.1,50,0,6.9,3.9,7.6,46.916666666666664
55,28.2,35.8,22.5,50,0,6.9,5,7.6,110.875
56,28.9,35.7,23.3,45,0,6.9,3.5,5.4,42.958333333333336
57,28.2,35.7,22.6,53,0,6.9,4.6,5.4,0.0
58,28.4,34.7,23.3,54,0,6.9,3.3,5.4,120.875
59,28.2,34.5,24.4,56,0,6.9,3,5.4,79.91666666666667
60,28.4,35.3,23.3,56,0,7.7,3.3,5.4,0.0
61,28.7,37,22.7,43,0,6.9,3.5,5.4,94.75
62,29.6,37.6,24,51,0,6.9,4.8,7.6,142.5
63,28.3,37.6,24,58,0.51,6.9,6.5,11.1,133.375
64,28.8,35.1,24.3,58,0,6.9,4.6,5.4,147.83333333333334
65,28,35.1,23.4,61,0,6.9,5.9,7.6,158.29166666666666
66,26.9,35.3,22.2,63,1.02,6.9,4.3,7.6,149.58333333333334
67,26.1,32.1,22.1,68,0,6.9,4.4,5.4,101.5
68,26.3,32.1,21.9,63,0,6.9,6.5,11.1,106.5
69,26.4,33.8,21.6,58,0,7.6,5.6,7.6,128.125
70,26.2,35.7,22.4,71,4.06,6.9,3,5.4,101.95833333333333
71,25.2,33.8,21.4,75,13.97,6.3,5,7.6,98.41666666666667
72,27.3,34,20.9,64,0,6.9,5,9.4,94.375
73,26.5,33.5,22,58,0,6.3,8,11.1,107.625
74,26.6,33,22,62,0,6.9,6.3,7.6,110.41666666666667
75,25.5,33,20.6,66,0,6.9,6.3,7.6,95.83333333333333
76,23.7,31.3,20.8,81,30.99,5.8,2.8,5.4,72.25
77,22.3,27.6,20,86,12.95,5.5,6.1,9.4,45.375
78,22.3,27.6,19.2,85,5.08,5.5,6.3,7.6,65.16666666666667
79,23.8,29.9,21,80,0,6.9,8.7,11.1,66.08333333333333
80,23,28.8,20.1,77,2.03,6.3,8.1,11.1,77.66666666666667
81,23.8,28.4,20.1,70,0,6.9,12.4,18.3,70.25
82,23.7,28.3,20,69,0,6.9,11.3,14.8,56.291666666666664
83,23.7,28.3,20.5,70,0,6.3,9.8,16.5,77.0
84,23.4,28.6,20,74,0,6.9,9.6,11.1,32.958333333333336
85,24.3,29.2,20.2,71,0,7.4,8.5,11.1,80.625
86,23.6,30.2,20.3,74,0,6.9,7.2,9.4,90.70833333333333
87,23.4,30.2,20,78,6.1,6.9,5,5.4,97.29166666666667
88,23.4,28.4,20.6,77,0,6.9,8.9,18.3,50.708333333333336
89,22.4,27.8,20.4,87,0,6.9,5.2,5.4,40.375
90,23.5,28.5,20.6,75,14.99,6.9,5.7,7.6,49.416666666666664
91,23.7,29.2,19.4,70,0,6.9,8.5,14.8,61.875
92,22.6,29.2,19.8,79,0,5.5,6.9,11.1,0.0
93,22.2,28.1,19.9,83,3.05,6.9,6.7,11.1,29.666666666666668
94,23.3,29.6,20.6,76,10.92,6.3,5,9.4,49.125
95,23.8,28.7,20.5,73,0,6.9,5.7,9.4,43.666666666666664
96,22.6,28.8,20.4,82,0,6.9,5.6,7.6,29.833333333333332
97,22.2,27.3,20.2,84,0,6.3,5.9,9.4,35.208333333333336
98,23.1,27.4,19.8,79,6.1,6.3,5,7.6,37.625
99,23.1,28.3,20.2,81,3.05,5.8,4.6,7.6,41.458333333333336
100,21.4,27,19.7,90,9.91,6.3,5.4,7.6,38.583333333333336
101,21.3,27,19.7,93,49.02,6.3,5.4,7.6,36.0
102,22.5,26,19.9,84,5.08,6.3,5.9,7.6,70.58333333333333
103,23.1,27.6,19.8,75,1.02,6.9,9.8,11.1,33.166666666666664
104,22.6,27.6,20,77,0,6.9,8.1,11.1,38.25
105,22.3,27.4,19.7,84,0.76,6.9,6.7,11.1,26.583333333333332
106,22,26.9,20,76,0,6.9,11.7,22.2,15.416666666666666
107,22.4,26.2,20,79,0,6.6,9.8,14.8,41.375
108,23.2,28.4,20.1,78,0.25,6.9,9.8,11.1,25.541666666666668
109,22.7,28.4,20.2,80,0,6.3,6.7,11.1,28.375
110,23.4,28,20.1,76,0,6.9,6.3,7.6,50.333333333333336
111,23.9,29.5,20.6,74,0,6.3,6.1,9.4,35.375
112,23.7,29.5,20.9,76,0,6.9,6.3,9.4,31.916666666666668
113,22.9,27.8,20.4,83,0,6.3,4.4,5.4,35.291666666666664
114,21.3,27.8,19.8,88,7.87,5.5,4.6,7.6,26.833333333333332
115,20.7,25.1,19,89,21.34,6.9,4.4,5.4,21.125
116,22.6,26.8,19.6,81,1.52,6.3,8.5,14.8,35.708333333333336
117,22.4,26.7,19.7,81,0,5.5,6.7,9.4,43.583333333333336
118,22.7,28.4,20.1,77,5.59,6.9,6.7,7.6,46.041666666666664
119,22.4,26.7,19.5,82,14.48,6.3,5.2,7.6,82.875
120,23.9,29,19.5,73,0.25,6.3,4.6,7.6,64.91666666666667
121,24.2,29.7,19.9,69,0,6.9,3.9,5.4,30.666666666666668
122,24.6,30.1,21.9,77,1.52,6.9,1.5,5.4,34.416666666666664
123,24.3,30.8,19.2,72,22.86,6.9,0.9,3.5,33.166666666666664
124,23.9,31.4,19,76,79.76,6.9,1.5,5.4,30.625
125,22.9,31.4,19.5,80,12.45,6.9,3.7,11.1,30.333333333333332
126,22.2,27.7,20,85,0,6.3,4.8,7.6,0.0
127,21.8,25.4,19.5,89,3.05,5.5,2.8,5.4,0.0
128,21.7,25.4,19.1,84,60.71,5.5,3.3,5.4,0.0
129,22.9,27.4,19.8,87,42.42,6.6,4.1,5.4,76.875
130,23.2,27.5,20.5,87,27.18,6.9,3,5.4,83.45833333333333
131,23,27.5,20.6,84,1.52,4.8,4.4,5.4,71.66666666666667
132,23.2,28.8,20.5,81,0,6.3,7.6,11.1,69.70833333333333
133,22.1,28.4,20.6,85,0,6.9,8,18.3,62.375
134,23.1,27.9,20.2,80,1.78,6.9,5.9,11.1,24.875
135,23.8,28.3,19.4,73,0,7.7,3.9,5.4,43.958333333333336
136,24.7,30.4,19.5,68,0,9.2,5,7.6,41.5
137,24.9,30.8,20,64,0,7.7,4.4,7.6,38.791666666666664
138,23.8,29.5,19.6,73,0,6.9,5,7.6,30.333333333333332
139,24.2,29.5,21.1,73,0,6.9,6.3,11.1,26.666666666666668
140,23.6,28.9,20.3,72,0,6.3,4.8,7.6,29.0
141,23.9,30,21.1,81,6.6,6.3,3.1,5.4,60.541666666666664
142,23.2,28.4,19.2,80,22.35,6.3,3.7,9.4,41.583333333333336
143,23.9,28.9,20,71,0,6.9,6.7,7.6,80.04166666666667
144,24.9,30.8,20.6,70,0,6.9,4.8,7.6,82.83333333333333
145,24.4,30.5,20.3,72,0,6.9,1.5,7.6,126.16666666666667
146,21.9,30.4,20.1,81,3.3,6.3,0.9,5.4,136.70833333333334
147,21.5,27.2,19.5,85,1.02,6.9,2.6,7.6,160.66666666666666
148,23.2,27,20.7,81,5.59,6.3,3.3,5.4,245.66666666666666
149,23.4,29.4,20.7,78,0,6.9,4.3,5.4,261.6666666666667
150,23.3,29.4,19.8,80,23.37,5.5,3.5,5.4,272.4166666666667
151,23.4,28.7,18.6,71,0,6.3,1.3,5.4,149.625
152,24.2,29.6,19.6,73,0,6.9,2.2,5.4,99.70833333333333
153,23.3,29.6,19.9,80,2.03,5.8,3.9,7.6,217.375
154,22.9,29,20,78,0.76,6,4.3,7.6,309.375
155,23.3,29,19,69,0,6.3,2.8,5.4,321.5416666666667
156,22.2,29,18.4,69,0,6.9,1.5,5.4,278.0
157,22.2,28.2,17.3,68,0,6.9,2.2,5.4,192.33333333333334
158,22,28,17.8,67,0,5.5,1.1,3.5,196.75
159,21.4,28,15.6,63,0,6.3,1.1,3.5,221.54166666666666
160,22.4,29,16.8,74,0,6.3,1.9,3.5,166.70833333333334
161,22.3,29,18.2,68,0,6.3,1.3,3.5,130.70833333333334
162,22.7,30,16.5,65,0,6.9,1.1,3.5,194.70833333333334
163,22.5,28.5,19.8,80,0.51,6.3,2,5.4,134.45833333333334
164,23.1,29.2,19.2,74,2.29,6.9,1.1,5.4,110.0
165,22.7,29.2,18.8,67,0,6.9,0.4,3.5,160.0
166,23.1,29.9,20,76,0.25,6.9,3.1,5.4,118.91666666666667
167,22.5,28.3,19.4,74,0,7.7,2.4,5.4,176.375
168,21.9,28,18.4,67,0,6.9,3.1,5.4,185.95833333333334
169,20.2,28.4,15.7,67,0,6.3,1.9,3.5,239.125
170,21.3,28,16.8,68,0,6.9,0.9,3.5,365.2916666666667
171,21.2,28.7,15.9,54,0,6.9,0.7,5.4,312.2083333333333
172,22.3,27,18.6,71,0,6.3,3.5,5.4,121.33333333333333
173,22.6,27.7,19.5,75,0,6.3,3.5,5.4,202.875
174,22.3,30.3,16,56,0,6,1.3,3.5,260.1666666666667
175,20.2,27.2,14.7,66,0,6.9,0.9,3.5,277.7083333333333
176,20.4,28.9,14.5,65,0,6.8,1.3,3.5,284.1666666666667
177,20.6,28.9,14.9,61,0,6.9,3.1,3.5,288.4166666666667
178,20.8,27.3,15.6,70,0,6,3.5,5.4,166.91666666666666
179,19.9,27.3,14.9,68,0,6.3,3.3,5.4,169.0
180,20.6,27.4,16,65,0,6.3,3.9,7.6,186.04166666666666
181,20.1,27.5,14.9,67,0,6.9,4.3,5.4,108.08333333333333
182,20.3,26.4,16,70,0,6.3,3.1,3.5,284.79583333333335
183,20.1,26.4,16.6,70,0,5.5,2.8,3.5,219.72083333333333
184,21.2,28.4,15,67,0,6.9,2.4,5.4,182.1875
185,21.4,30.8,15,53,0,6.9,2.8,3.5,154.03750000000002
186,20.7,29.3,15.5,65,0,6.9,5.9,13,223.20833333333334
187,21,28,15.8,67,0,6.3,4.3,5.4,200.64583333333337
188,22,30.6,15.6,57,0,6.9,5,5.4,285.22499999999997
189,22.4,30.5,17,52,0,7.7,3.9,5.4,236.82499999999996
190,22.1,29.5,16.3,59,0,6.9,3.3,5.4,276.90833333333336
191,21.8,28.5,16.9,68,0,6.9,5,5.4,108.0
192,20.9,28.1,17,66,0,6.9,3.5,5.4,107.625
193,20.4,27.4,15.2,61,0,6.9,3.9,5.4,125.89166666666667
194,22,29.5,16.9,58,0,6.9,3.9,5.4,181.01250000000005
195,21.4,29.4,15.5,57,0,6.9,3.3,5.4,152.55416666666667
196,21,27.7,16.4,61,0,6.9,3.7,7.6,152.32083333333335
197,22,29.4,15.4,56,0,6.9,2.8,7.6,319.7375
198,22.2,29.8,17,65,0,6.9,4.8,7.6,332.7083333333333
199,22.7,29.7,18,59,0,6.9,3.1,5.4,279.59999999999997
200,23,31.4,15.7,48,0,6.9,1.9,3.5,179.11666666666667
201,23.8,32.6,16.5,29,0,6.9,2.4,5.4,54.791666666666664
202,23.6,32.1,15.5,35,0,6.9,2,5.4,93.375
203,24.6,31.8,19,54,0,6.9,2.8,5.4,132.20833333333334
204,24.3,31.6,19.2,60,0,6.3,2.4,5.4,127.70833333333333
205,24.7,31.6,20.2,63,0,6.3,2.2,5.4,109.33333333333333
206,23.4,30.1,19.2,65,0,6.3,4.3,7.6,56.458333333333336
207,23,30.1,19.1,65,0,6.3,3.5,3.5,135.83333333333334
208,23.9,30.3,19.2,63,0,6.9,2.2,3.5,122.5
209,23.4,30.8,19.7,64,0.25,6.3,4.4,5.4,69.66666666666667
210,24.2,32,19.3,49,0,6.9,4.4,5.4,79.83333333333333
211,24.5,32,17.6,50,0,6.9,3.1,5.4,62.708333333333336
212,23.8,31.1,19.9,71,0,6.9,5,7.6,21.208333333333332
213,24.9,32,19.3,64,4.06,6.9,3.9,5.4,1.9166666666666667
214,23.8,32,20.2,67,0,6.9,5.2,7.6,1.8333333333333333
215,23.9,30.6,19.9,67,0.51,6.9,4.6,5.4,105.83333333333333
216,24.6,31.6,18.6,61,0.76,6.9,4.1,7.6,117.58333333333333
217,24.2,31.6,18.2,54,0,6.8,5.4,7.6,122.70833333333333
218,24.9,31.8,16.6,35,0,6.9,3.5,5.4,111.95833333333333
219,25.3,32.8,19,31,0,6.9,4.1,7.6,59.208333333333336
220,25.6,33.1,17.1,31,0,6.9,3.1,5.4,77.20833333333333
221,27.1,35.4,18.7,31,0,6.9,3.5,5.4,98.70833333333333
222,28.2,35.9,20.8,33,0,7.7,0.9,3.5,123.70833333333333
223,27.9,35.9,22.4,42,0,6.9,1.1,5.4,64.79166666666667
224,27.6,35.3,20.5,37,0,6.9,2.4,5.4,52.333333333333336
225,27.3,35.3,20.3,38,0,6.9,2.6,7.6,52.041666666666664
226,26.8,34.6,19.4,33,0,6.9,2.2,5.4,128.33333333333334
227,28.6,36,23.5,33,0,6.9,1.3,3.5,0.0
228,28.3,35.8,21.9,49,0,6.9,2.8,3.5,23.208333333333332
229,29.2,35.8,23.4,43,0,6.9,3.3,7.6,15.166666666666666
230,28.9,36,23.3,40,0,6.9,3.3,5.4,21.25
231,28.6,36.2,22.3,38,0,6.9,2.4,5.4,81.83333333333333
232,28.5,36.4,22.6,47,0,6.9,4.3,7.6,105.33333333333333
233,25.7,36.4,20.4,59,8.89,6.6,3.9,5.4,117.75
234,27.1,34.5,22.3,59,0,6.9,3,3.5,84.5
235,27.7,34.5,23.1,56,5.08,6.9,2.8,7.6,46.916666666666664
236,27.6,34,22.7,56,0,6.9,3,5.4,104.625
237,28.6,35.4,22.2,47,0.51,6.9,2.4,5.4,110.875
238,28.7,35.5,23.4,36,0,6.9,1.9,3.5,42.958333333333336
239,28.7,35.5,21.5,34,0,7.7,1.5,5.4,0.0
240,29.8,36.5,23.8,53,0,7.7,3.3,5.4,120.875
241,29.6,36.5,24.7,52,0,6.9,1.9,3.5,79.91666666666667
242,29.3,36.3,24.8,49,0,6.9,2.8,3.5,0.0
243,28.8,36,24.2,50,0,6.9,3.9,5.4,94.75
244,28.6,35.8,24.6,50,0.51,6.3,3.9,7.6,142.5
245,27.8,35.8,20,56,0,6.9,3.1,7.6,133.375
246,24.5,30.6,21.4,76,2.03,7.7,5.2,7.6,147.83333333333334
247,22.8,26.7,21,86,0,6.3,5.2,5.4,158.29166666666666
248,24.1,28.3,20.5,78,6.6,6.9,4.6,7.6,149.58333333333334
249,27.4,35.6,23.8,60,0.25,6.9,3.9,7.6,101.5
250,28.8,35.6,22.8,47,0,6.9,4.1,7.6,106.5
251,28.6,35.5,22.8,49,0,6.9,3.9,5.4,128.125
252,28.4,35.5,23.6,56,0,7.7,3.7,14.8,101.95833333333333
253,25.8,33.9,21.4,71,4.06,6.9,1.5,5.4,98.41666666666667
254,26.3,33,21.2,65,0,7.4,4.3,7.6,94.375
255,26.4,35.2,18.9,62,9.4,9.2,4.4,5.4,107.625
256,27.8,34.4,22.2,61,0,7.7,2.4,5.4,110.41666666666667
257,28.1,35,22.3,57,0,7.4,3.3,5.4,72.25
258,27.6,35,20.1,60,13.72,6.9,3.9,5.4,38.666666666666664
259,25.9,34.5,20.4,70,0,6.9,4.6,7.6,45.375
260,24.5,29.2,20,75,0,6.9,2.8,3.5,65.16666666666667
261,25.9,31.2,22.2,72,0,7.7,6.1,11.1,66.08333333333333
262,25.9,31.3,20.9,73,0,6.9,7.4,9.4,77.66666666666667
263,24.6,31.3,22.2,74,0,6.9,9.4,22.2,70.25
264,25.4,30.2,21.4,67,0,9.2,8.9,9.4,77.0
265,25.2,31,21.6,71,0,7.7,9.3,14.8,32.958333333333336
266,24.4,29.4,20.8,72,0,6.9,9.8,11.1,80.625
267,24.7,29.2,21.2,71,0,7.4,9.1,11.1,90.70833333333333
268,25.3,30.4,21.2,69,0,6.6,8.7,11.1,97.29166666666667
269,26,32,21.4,61,0,6.9,5.7,7.6,50.708333333333336
270,26.6,33,21.4,60,0,6.9,4.3,5.4,40.375
271,27.4,33.6,22.2,58,0,7.7,2.4,3.5,49.416666666666664
272,24.9,31.3,21.1,75,22.61,6.9,5.9,9.4,61.875
273,25.4,30.6,21.8,69,0,6.9,5.2,7.6,0.0
274,25.5,30.8,20.8,64,0,6.9,6.9,14.8,29.666666666666668
275,23.1,27.5,20.8,81,1.02,6.9,6.3,11.1,49.125
276,22.6,27.5,20.3,82,0,6.9,5.2,9.4,43.666666666666664
277,22.7,28.6,19.9,83,1.02,6.9,5.6,7.6,29.833333333333332
278,23.6,27.1,20.3,76,9.91,6.6,8.7,14.8,37.625
279,23,26.6,21,80,0,5.8,9.6,14.8,41.458333333333336
280,23.3,28.4,20,77,1.27,6.3,6.7,11.1,36.0
281,23.9,28.9,21,74,0,6.3,11.1,14.8,70.58333333333333
282,23.2,28,21.4,81,8.89,6.6,7.4,14.8,52.458333333333336
283,24.1,29.4,20.4,78,0,6.9,6.3,7.6,38.25
284,23.4,28.4,21,79,4.06,6.6,5.7,9.4,26.583333333333332
285,22.9,28.4,20.5,85,1.78,5.5,7.6,11.1,41.375
286,23.1,27.4,20.4,81,4.57,5.5,7.8,11.1,25.541666666666668
287,23.2,28.2,21,81,0,5.5,7.4,14.8,28.375
288,23.6,27.8,20.8,73,0,8.2,7.2,11.1,50.333333333333336
289,22.8,28.4,20.7,83,0,6.3,6.9,11.1,35.375
290,23.6,29.2,20.2,79,0,6.9,6.9,9.4,31.916666666666668
291,22.8,28,20.4,84,0,6.9,5.2,9.4,35.291666666666664
292,23.1,29.3,20,81,0,5.8,5,7.6,26.833333333333332
293,24.1,29.5,20,74,7.11,9.2,4.4,5.4,21.125
294,24.1,28.8,20.2,83,11.18,6.9,2.2,7.6,35.708333333333336
295,24.7,30.8,20.7,80,6.86,6.9,0.9,3.5,43.583333333333336
296,25.4,30.8,20.4,78,32,6.9,0.9,3.5,46.041666666666664
297,23.7,29.6,20.5,79,0,6.9,6.7,9.4,82.875
298,23.2,28,20.2,75,1.02,6.9,8,9.4,64.91666666666667
299,21.8,28,20.1,85,0.51,5.5,7.2,9.4,30.666666666666668
300,22.7,27.4,20.4,80,1.52,6.9,7.2,9.4,33.166666666666664
301,22.5,27.2,20,84,0.25,6.9,5.6,9.4,30.625
302,23.1,26.8,19.7,79,0.51,7.7,6.7,9.4,30.333333333333332
303,23.3,28.7,20.3,77,0,6.9,6.3,9.4,0.0
304,23.2,28.9,19.8,71,0,6.3,9.1,11.1,0.0
305,24,29.9,19.1,69,0,6.9,7.8,11.1,0.0
306,24.3,30.3,20.5,67,0,8.5,5.2,7.6,76.875
307,23.4,27.8,20.6,79,0,6.9,5.9,9.4,69.70833333333333
308,23.7,27.8,20.1,74,1.78,7.4,5.9,7.6,62.375
309,24.2,28.3,20,72,0,6.6,2.8,5.4,24.875
310,23.9,31.1,20.1,78,10.67,6.9,1.3,3.5,43.958333333333336
311,24.2,31.1,19.9,81,132.33,6.9,1.9,5.4,41.5
312,24.8,30,20,72,6.1,9.2,3.5,5.4,38.791666666666664
313,24.7,29.9,20.7,69,3.81,7.7,2.2,3.5,30.333333333333332
314,25.4,30.7,19.8,64,0,6.9,2.2,3.5,26.666666666666668
315,25.3,30.7,20.8,76,0,7.4,0.6,3.5,29.0
316,23.6,30.4,19.6,79,31.5,6.9,2.8,5.4,61.708333333333336
317,22.6,30.4,19.1,84,51.82,6.9,1.9,3.5,60.541666666666664
318,23.6,29.9,19.3,83,62.99,6.8,1.9,3.5,41.583333333333336
319,24.4,30,20.8,67,0,9.2,5,9.4,80.04166666666667
320,25.4,30.3,21.2,66,0,8.2,2.6,5.4,82.83333333333333
321,24,30.3,21.1,75,0,9.2,3.9,7.6,95.25
322,21.6,24.3,19.8,86,3.05,5.5,3.1,3.5,126.16666666666667
323,22,25.4,20.2,82,0.51,6.3,3.1,5.4,136.70833333333334
324,22.7,26.8,20.4,76,0,9.2,3.3,5.4,160.66666666666666
325,22,27.5,20.4,89,0,5.5,3.1,3.5,245.66666666666666
326,22.4,27.5,19.8,87,55.37,6.3,3.1,3.5,261.6666666666667
327,21.9,27.3,19.8,90,5.84,6.3,3,5.4,272.4166666666667
328,22,28.4,17.5,70,0,6.3,1.3,3.5,149.625
329,23.2,28.2,20,72,0,6.9,2.2,3.5,99.70833333333333
330,21.4,27.6,18.4,71,0,6.3,0.9,3.5,309.375
331,23.2,29.4,17.9,58,0,6.3,2,5.4,321.5416666666667
332,23,29.5,18.8,59,0,6.3,0.4,3.5,278.0
333,23.2,29.5,18.8,63,0,6.3,0.9,3.5,192.33333333333334
334,20.2,27.4,19.6,94,3.81,4,3.5,3.5,224.16666666666666
335,21.4,24.6,20.2,91,0,5.5,3.7,7.6,196.75
336,21.9,27.4,18,80,5.84,6.3,2.8,5.4,221.54166666666666
337,22.1,28.1,17.4,71,0,6.6,2.8,3.5,166.70833333333334
338,21.8,28,18.3,70,0,9.2,2.8,3.5,130.70833333333334
339,22.2,28.8,17.1,68,0,6.3,0.4,3.5,194.70833333333334
340,21.2,26.7,18,68,0,6.9,2.4,5.4,134.45833333333334
341,21.4,27.4,15.8,64,0,6.3,1.1,5.4,110.0
342,21.7,29.2,16.5,60,0,8.2,1.9,3.5,160.0
343,22.3,28.2,16.6,50,0,6.6,1.9,5.4,118.91666666666667
344,21.3,28.2,17,60,0,6.9,0.9,3.5,176.375
345,21.1,29,15.3,55,0,8,0.4,3.5,185.95833333333334
346,21.9,28.6,17.6,72,0,6.3,3,9.4,239.125
347,22.8,29.2,18.4,77,0,6.3,1.9,3.5,365.2916666666667
348,23.3,29.3,19.8,74,0,5.6,2.8,3.5,312.2083333333333
349,21.6,26.6,18.2,76,0,6.3,2.4,5.4,121.33333333333333
350,21.6,26.4,19.6,83,0,6.9,1.3,3.5,202.875
351,23.1,28.8,19.1,74,0,6.9,2.8,3.5,260.1666666666667
352,21.1,25.2,18.8,78,0,5.5,3.1,3.5,277.7083333333333
353,21.4,28,17.6,71,0,6.3,1.9,5.4,284.1666666666667
354,21.1,28.3,17.1,74,0,7.7,0.9,3.5,288.4166666666667
355,20,28.4,15.8,65,0,6.3,1.9,3.5,166.91666666666666
356,20.1,27.3,14.2,56,0,9.2,1.3,3.5,169.0
357,20.8,27.4,13.9,58,0,7.7,2,5.4,186.04166666666666
358,22.3,29.5,19.2,77,7.62,6.3,0.9,3.5,284.79583333333335
359,22.2,29.2,17.6,71,1.52,5.5,1.9,7.6,219.72083333333333
360,22.1,29.2,18.7,76,0,6,1.3,3.5,182.1875
361,21.9,28.6,17.4,60,0,6.9,0.4,3.5,154.03750000000002
362,22.1,28.6,17.6,71,0,6.3,0.6,3.5,223.20833333333334
363,21.6,27.6,18.5,72,0,6.3,1.9,3.5,200.64583333333337
364,19.4,27.1,13.7,60,0,8.5,0.9,3.5,285.22499999999997
365,19.4,27.1,13.7,67,0,6,0.2,1.9,236.82499999999996
366,20.1,27.1,14.7,63,0,6.3,2.8,7.6,276.90833333333336
367,21.3,28.2,15.4,61,0,8.5,3.3,5.4,108.0
368,20.9,28.2,15.6,63,0,6.3,3,5.4,107.625
369,21,27.4,15.5,61,0,6.3,4.8,7.6,125.89166666666667
370,22.1,29.4,17,59,0,7.7,3.3,5.4,181.01250000000005
371,21.3,28.4,15.6,57,0,7.7,4.6,7.6,152.55416666666667
372,21.4,27.9,16,60,0,6.3,4.1,9.4,152.32083333333335
373,22.8,30.2,16.6,51,0,6.3,3.9,9.4,319.7375
374,21.9,30.2,16.2,53,0,6.3,3.7,7.6,332.7083333333333
375,21.2,29.3,16.4,63,0,6.3,5.2,9.4,279.59999999999997
376,21.4,28.6,15,58,0,6.3,3.9,9.4,179.11666666666667
377,22.3,30.2,16.3,48,0,6.3,4.1,5.4,54.791666666666664
378,22.7,30.6,15.7,50,0,6.3,3.7,9.4,93.375
379,22.2,30.6,15.5,54,0,6.3,3.3,5.4,103.0
380,24,32,17.7,50,0,6.9,1.3,3.5,132.20833333333334
381,24.7,32.7,17.9,43,0,6.3,0.9,3.5,127.70833333333333
382,24.9,33,16.5,32,0,6.3,0.9,3.5,109.33333333333333
383,24.5,33.1,18.6,39,0,6.3,1.9,3.5,56.458333333333336
384,24.2,32.1,16.9,37,0,6.9,3.3,11.1,135.83333333333334
385,23.7,31.7,17.3,41,0,6.9,3.1,5.4,122.5
386,24.6,32.4,17,27,0,6.9,0.9,3.5,69.66666666666667
387,25.6,33.5,17.2,42,0,6.9,2.2,5.4,79.83333333333333
388,26.1,33.6,20.1,46,0,6.9,3.5,5.4,62.708333333333336
389,25.2,32.6,20.8,62,0,6.9,3.7,7.6,21.208333333333332
390,25.8,32.6,21.4,62,0,6.9,2.2,3.5,1.9166666666666667
391,23.4,32.4,19.9,77,22.1,6.3,1.9,3.5,1.8333333333333333
392,25.8,31.4,21.3,63,0,6.6,2.6,5.4,105.83333333333333
393,25.3,31.5,20.1,59,0,6.9,3.3,5.4,117.58333333333333
394,24.5,31.5,19.6,65,0,6.9,2.2,3.5,122.70833333333333
395,24.5,31.2,18.6,54,0,6.9,3.9,5.4,111.95833333333333
396,25.1,32.7,18.4,48,0,6.9,1.9,3.5,59.208333333333336
397,25.8,32.7,20.4,55,0,6.9,3,5.4,77.20833333333333
398,26.5,35.1,19.6,44,0,6.9,2.2,5.4,98.70833333333333
399,26.9,34.7,19.5,25,0,6.9,2,5.4,123.70833333333333
400,27.9,35.8,22.3,43,0,6.3,3,5.4,52.333333333333336
401,27,34.5,21,47,0,6.3,2.8,3.5,52.041666666666664
402,26.3,34.5,19.9,46,0,6.3,2.2,3.5,128.33333333333334
403,26.5,33.8,22.3,58,0,6.9,1.9,3.5,0.0
404,26.9,33.4,21.6,56,1.27,6.9,2.2,3.5,23.208333333333332
405,27.9,35.1,22.4,53,0,6.9,2.4,5.4,15.166666666666666
406,28,35.1,22.8,54,0,6.9,2.8,3.5,21.25
407,28.9,35.5,22.7,52,0,6.9,1.5,7.6,81.83333333333333
408,28.2,35.5,24.1,55,0,6.9,3.1,3.5,105.33333333333333
409,28.1,35,23,54,0,6.9,4.1,9.4,117.75
410,21.3,29,18.8,77,11.94,6.3,1.3,3.5,84.5
411,23.2,30.5,18.1,71,8.89,6.9,0.7,5.4,46.916666666666664
412,23.2,30.5,19.8,80,0,6.3,1.5,7.6,104.625
413,26.6,32.3,21.9,62,0,6.9,1.3,3.5,42.958333333333336
414,26.8,32.3,21.7,63,0,6.9,0.4,3.5,0.0
415,23.9,33.4,19.8,70,35.56,6.6,4.3,22.2,120.875
416,23.7,31.3,19.2,70,35.81,6.3,0.4,3.5,79.91666666666667
417,25.5,31.1,20.8,68,5.08,6.9,1.3,3.5,0.0
418,26.8,33.8,20.1,61,9.65,6.9,1.9,3.5,94.75
419,24.5,33.8,20.4,73,0,6.9,2.2,7.6,142.5
420,25.7,33.3,20,65,12.19,6.9,1.9,7.6,133.375
421,26.6,30.8,22.2,68,0,6.9,1.3,3.5,147.83333333333334
422,27.7,33.4,22.2,61,0,6.9,2,5.4,158.29166666666666
423,25.9,33.4,23.3,62,0,6,3.1,7.6,149.58333333333334
424,24.2,32,21.9,71,2.54,6.9,0.2,1.9,101.5
425,24.9,29.6,21.6,71,0.25,6.9,1.9,3.5,106.5
426,24.9,31.2,22.2,77,0,6.3,3.1,7.6,128.125
427,24.8,32,20.2,78,0,6.3,4.6,11.1,101.95833333333333
428,26.3,33,19.1,76,39.12,6.9,5.2,7.6,98.41666666666667
429,26.6,33,22.5,75,0,6.9,7.6,18.3,94.375
430,27.3,33.3,22.3,63,0,6.3,5.6,9.4,107.625
431,27.1,33,22.3,66,0,6.3,5.2,9.4,110.41666666666667
432,25.2,32.2,19.2,72,0,6.9,6.5,9.4,95.83333333333333
433,24.2,32.2,19.9,81,0,6.6,5.4,9.4,72.25
434,24.3,31,19.9,77,0,6.6,3.7,7.6,38.666666666666664
435,24.5,31,20.7,78,0,6.9,4.8,7.6,45.375
436,24.6,30.5,21.2,81,0.25,6.9,2.4,5.4,65.16666666666667
437,26.2,32,21.6,65,0,6.9,7.4,14.8,66.08333333333333
438,25.4,31.2,21.3,72,0.51,6.9,7.8,14.8,77.66666666666667
439,24.7,31.2,21.2,76,3.05,6.9,6.3,9.4,70.25
440,23.7,29.7,20.5,80,0.51,6.9,5,7.6,56.291666666666664
441,22.6,29.7,20.1,84,18.54,6.9,5.7,11.1,77.0
442,24.1,29,19.8,72,0,5.8,5.4,11.1,32.958333333333336
443,23.1,27.4,21.2,83,0,5.5,8.1,14.8,80.625
444,23.2,28.3,20.8,80,1.78,6.3,12,16.5,90.70833333333333
445,22.7,28.3,20.6,85,0.51,5.5,6.9,11.1,97.29166666666667
446,24.5,30.6,21.1,78,0.51,6.9,8.3,11.1,50.708333333333336
447,23.7,30.6,21.4,81,0,6.9,8.9,11.1,40.375
448,24.1,29,20.4,76,0,6.9,12.2,18.3,49.416666666666664
449,24.6,30.7,20.6,71,0,6.9,5.2,7.6,61.875
450,24.2,30.3,20.4,75,0,6.3,8.1,14.8,0.0
451,24.6,30.2,20.4,76,0,6.3,5.7,7.6,29.666666666666668
452,23.7,30.7,19.3,74,3.05,6.9,6.9,11.1,49.125
453,23.8,30.6,20.2,76,0,6.9,6.7,14.8,43.666666666666664
454,24,29.2,20.8,78,7.11,6.3,6.9,11.1,29.833333333333332
455,25.4,31.6,20.8,71,0,6.9,6.5,11.1,35.208333333333336
456,25.2,31.6,21.4,73,0,6.9,6.5,11.1,37.625
457,23.9,30,21.2,77,0,6.9,7.8,11.1,41.458333333333336
458,21.8,29.8,20,86,12.19,4.8,8.1,14.8,38.583333333333336
459,22.6,29,18.8,84,2.03,5.3,6.1,9.4,36.0
460,22.4,29,20.1,88,26.16,5.5,4.3,9.4,70.58333333333333
461,23.2,28.1,20.1,83,1.02,6.9,6.1,11.1,33.166666666666664
462,23.3,27.8,20.4,79,0,6.9,6.3,9.4,38.25
463,23.4,28,20.8,79,0,5.5,8.3,11.1,26.583333333333332
464,23.9,29.9,20,76,0,6.9,5,7.6,15.416666666666666
465,23.7,30.3,20.6,76,0.25,6.9,5.2,7.6,41.375
466,24,30.3,20.6,75,3.05,6.9,6.5,9.4,25.541666666666668
467,23.6,28.8,21,77,0,6.3,5.9,11.1,28.375
468,22.6,29.3,20.3,83,0.25,5.5,5.7,9.4,50.333333333333336
469,23.6,28.5,20.4,79,0,6.3,6.1,7.6,35.375
470,23.3,28.5,20.6,80,2.03,6.9,3.7,7.6,31.916666666666668
471,23.4,27.6,20,83,0,6.9,5.6,9.4,35.291666666666664
472,24.6,29.4,20.7,77,0,6.3,4.8,9.4,26.833333333333332
473,25.2,31.1,20.5,72,0,6.9,5.2,9.4,21.125
474,25.6,31.2,22.3,79,0.76,6.9,3.3,5.4,35.708333333333336
475,25.3,31.6,22.4,74,0,6.3,3.9,9.4,43.583333333333336
476,23.4,31.6,21,80,0.76,6.9,3.3,11.1,46.041666666666664
477,24.4,29.6,19.7,67,0,6.9,3.1,7.6,82.875
478,23.8,30.1,19.6,71,0,6.3,3.9,7.6,64.91666666666667
479,22.5,30.1,20.3,86,1.78,6.3,4.6,7.6,30.666666666666668
480,25.5,31,21.1,66,0.51,7.7,3.1,5.4,33.166666666666664
481,25.4,31,21.6,67,0,6.9,2.8,5.4,30.625
482,22.4,30.8,20,87,37.08,6,3,5.4,0.0
483,23,28.5,19.8,82,36.58,6.9,5.9,7.6,0.0
484,22.9,27.6,20.5,82,0,6.9,5.6,9.4,0.0
485,23.7,29.7,19.3,75,5.08,7.7,5.6,9.4,76.875
486,23.5,29.7,19.4,76,0,6.3,7.8,11.1,83.45833333333333
487,23.1,28,19.3,75,0,6.3,9.4,18.3,71.66666666666667
488,24.2,29.4,20.2,76,0,6.3,3.7,11.1,69.70833333333333
489,22.9,29.4,20.4,83,0,5.5,6.3,11.1,62.375
490,23.6,29.4,19.2,77,7.11,6.9,2.8,7.6,24.875
491,24.3,33.2,18.7,76,18.8,6.9,1.3,3.5,43.958333333333336
492,23.2,30.3,20,82,9.14,6.9,2.2,5.4,41.5
493,23.8,31.6,20.2,78,0.51,6,2.4,5.4,38.791666666666664
494,24.5,30,21,77,0.51,6.9,2,5.4,30.333333333333332
495,24.6,30,21.7,78,2.54,6.3,3.5,5.4,26.666666666666668
496,24.7,29.8,21.3,77,0.25,6.9,3.9,9.4,29.0
497,24.2,30.2,20.3,79,6.6,6.9,3.9,9.4,61.708333333333336
498,24,30.2,20.9,77,4.32,6.9,3.5,5.4,60.541666666666664
499,24.3,29.4,20.6,75,0,6.9,7.2,11.1,41.583333333333336
500,25.1,31,21.2,62,0,6.9,1.9,3.5,80.04166666666667
501,25.1,32.1,19.6,52,0,6.9,2.2,3.5,82.83333333333333
502,25.2,32.1,19.7,59,0,6.9,0.7,3.5,95.25
503,25.6,31.8,20.6,62,0,6.9,3.5,5.4,126.16666666666667
504,25.5,31.4,21.5,63,0,5.5,2,5.4,136.70833333333334
505,24.9,30.6,21.4,61,0,6.3,2,5.4,160.66666666666666
506,24.2,31.8,17.8,60,0,6.3,3.5,5.4,245.66666666666666
507,24.4,29.8,20,62,0,6.9,3,5.4,261.6666666666667
508,24.7,30.8,20.6,72,0,7.7,1.3,3.5,149.625
509,23.1,30.9,20,83,51.05,5.5,1.1,5.4,217.375
510,21.8,30.9,19.5,87,7.11,6.3,1.5,5.4,309.375
511,23.7,28.5,20.8,69,0,6.6,1.5,3.5,321.5416666666667
512,23,28.5,19.3,76,0,6.3,0.9,3.5,278.0
513,20.2,27.3,18.4,92,0,4,3.5,5.4,192.33333333333334
514,19.3,24.6,17,88,14.22,6.3,0.7,3.5,224.16666666666666
515,20.2,24.8,16.1,75,0,5.5,0.9,3.5,196.75
516,19.1,24.8,17.7,89,0,4,2,5.4,221.54166666666666
517,21.7,24.6,19.5,90,14.48,4,1.9,3.5,166.70833333333334
518,22,26.4,19.8,87,0.51,5.8,2.2,5.4,130.70833333333334
519,21.9,26.4,19.6,85,14.22,6.9,2,5.4,194.70833333333334
520,21.4,27.5,17.5,66,0,6.9,0.2,1.9,134.45833333333334
521,22.7,28.9,18.6,64,0,6.9,1.3,3.5,160.0
522,21.1,23.8,19.8,91,0,6.3,0.7,5.4,118.91666666666667
523,21,23.9,19.6,93,1.02,6.3,0.9,3.5,176.375
524,21.5,24.9,18.9,87,2.79,6.9,0.9,3.5,185.95833333333334
525,22.3,28.7,17.5,70,0,6.3,1.3,5.4,239.125
526,21.5,28.7,17,68,0,6.3,2.2,5.4,365.2916666666667
527,21.4,28.2,18.4,83,0.51,5.8,1.1,3.5,312.2083333333333
528,24.1,30.9,20.4,70,0,6.9,2,5.4,121.33333333333333
529,23.6,30.9,19.6,79,0,6.3,2.8,5.4,202.875
530,23.3,29.9,20,71,0,6.3,1.9,3.5,260.1666666666667
531,22.4,28.3,18.9,71,0,6.3,2.2,5.4,277.7083333333333
532,22.2,28.4,18.8,73,0,6.9,1.9,5.4,284.1666666666667
533,22.2,28.8,18.3,65,0,6.9,2.4,5.4,288.4166666666667
534,21.8,29.3,16.3,65,0,6.3,1.5,3.5,166.91666666666666
535,21.8,28.2,18.2,67,0,6,2.4,5.4,169.0
536,21.8,27.7,17.9,72,0,5.3,2.8,5.4,186.04166666666666
537,20.1,28.4,15.7,54,0,6,3,5.4,284.79583333333335
538,20.8,28.3,12.9,45,0,6.3,1.1,5.4,219.72083333333333
539,21.4,29,13.7,45,0,6.3,0.4,3.5,182.1875
540,21,28.7,17,65,0,6.3,3.1,5.4,154.03750000000002
541,20.4,27.6,16.2,61,0,5.5,1.3,5.4,223.20833333333334
542,20.7,28.4,15.1,47,0,6.3,0.9,3.5,200.64583333333337
543,20.3,28.5,15.7,51,0,6.3,0.7,3.5,285.22499999999997
544,21.1,27.2,15,51,0,6.3,3.5,5.4,236.82499999999996
545,20.6,28.2,15.2,58,0,6.3,3.1,5.4,276.90833333333336
546,21.4,28.4,17.8,73,0.51,4.8,3,5.4,108.0
547,21.2,25.9,19.4,88,0.51,4,1.3,3.5,107.625
548,22.6,27.4,19,78,4.32,5.3,2.8,7.6,125.89166666666667
549,22.9,29.2,18.5,70,0,5.5,2.6,7.6,181.01250000000005
550,23.1,28.9,18.9,68,0,6.3,0.9,3.5,152.55416666666667
551,23.4,29.3,19,66,0,4.8,1.1,3.5,152.32083333333335
552,23.1,30.7,16.4,43,0,6.3,1.5,5.4,319.7375
553,23.3,31.4,16.4,36,0,6.9,0.9,3.5,332.7083333333333
554,23.7,31.9,16.3,35,0,6.9,0.9,3.5,279.59999999999997
555,23.6,32.2,16.2,44,0,6.3,1.5,5.4,179.11666666666667
556,23.2,31.2,17.3,61,0,5.6,1.1,3.5,54.791666666666664
557,25.2,30.5,19.2,50,0,6.9,1.5,37,93.375
558,24.3,31.7,18.6,50,0,6.3,0.4,3.5,103.0
559,24.8,31.9,19.5,49,0,5.5,2.4,3.5,132.20833333333334
560,24,32.1,19,48,0,6.3,2.2,5.4,127.70833333333333
561,23.1,31.2,17.3,54,0,6.6,2.8,5.4,109.33333333333333
562,24.8,29.9,18,44,0,6.9,1.3,3.5,56.458333333333336
563,26.2,32.5,19.6,50,0,6.9,1.9,3.5,135.83333333333334
564,26.9,33.2,20.2,50,0,7.4,0.6,3.5,122.5
565,26.4,33.4,22.3,59,0,5.5,3,5.4,69.66666666666667
566,24.9,33.5,20.5,58,0,6.3,2.4,5.4,79.83333333333333
567,24.9,31.3,18.7,51,0,6.9,2.4,5.4,62.708333333333336
568,24.6,30.7,18.9,55,0,6.9,2.8,5.4,21.208333333333332
569,24.6,31.5,19.7,52,0,6.9,2.8,5.4,1.9166666666666667
570,25.3,31.7,19.6,49,0,6.3,3.1,5.4,1.8333333333333333
571,25.4,33.4,18.7,46,0,6.9,1.9,3.5,105.83333333333333
572,25.7,33.2,18.8,43,0,6.3,1.5,5.4,117.58333333333333
573,26.7,34.3,19.5,44,0,6.9,0.6,3.5,122.70833333333333
574,27.8,35.4,22.7,57,0,6.3,2.4,5.4,111.95833333333333
575,28.3,34.3,24.4,58,0,5.5,3.9,7.6,59.208333333333336
576,26.2,34.4,22.4,66,0,6.3,2.2,3.5,77.20833333333333
577,29,35.2,23.3,46,0,7.4,3.1,3.5,98.70833333333333
578,28.8,35.4,23.5,41,0,6.9,0.4,3.5,123.70833333333333
579,29.2,36,24.7,45,0,6.9,1.1,3.5,64.79166666666667
580,27.8,35.8,22.8,40,0,6.9,3,5.4,52.333333333333336
581,27.7,35,21.2,33,0,6.9,1.3,3.5,52.041666666666664
582,27.8,35.1,20.7,33,0,6.9,2.8,5.4,128.33333333333334
583,28,35,23,44,0,6.9,1.3,3.5,0.0
584,28.3,34.8,23.2,43,0,7.7,0.4,3.5,23.208333333333332
585,28.4,35.3,23.5,46,0,6.9,1.1,3.5,15.166666666666666
586,28.6,35.5,23.8,46,0,6.9,2.2,5.4,21.25
587,29,35.4,24.3,53,0,7.4,1.9,5.4,81.83333333333333
588,28.6,35.3,24.5,55,0,6.9,2.8,3.5,117.75
589,30.4,37.2,25.1,50,0,6.9,2.8,7.6,84.5
590,31.2,37,25.4,45,0,6.9,2.2,7.6,46.916666666666664
591,30.7,37.4,25.8,49,0,7.7,3,5.4,104.625
592,29.8,36.6,24.6,51,0,6.9,2.4,5.4,110.875
593,30.4,36.8,24.8,49,0,6.9,2.8,5.4,42.958333333333336
594,30.3,37,24.3,46,0,6.9,3.1,7.6,0.0
595,29,37.1,22.8,48,0,7.7,1.5,5.4,79.91666666666667
596,29.6,35.5,23.4,39,0,6.9,2.2,7.6,0.0
597,30.5,36.6,24.4,41,0,6.9,1.3,3.5,94.75
598,29.3,37.3,24.7,51,0,6.9,3,5.4,142.5
599,29.8,36.6,24.5,47,0,7.7,2.2,3.5,133.375
600,27.2,34.6,21,62,46.48,6.3,0.7,5.4,147.83333333333334
601,25.6,33.7,21.4,72,0,6.3,3.1,9.4,158.29166666666666
602,27.4,34,21,58,4.83,6.9,0.4,3.5,149.58333333333334
603,28.3,34.6,22.3,57,1.78,6.9,0.2,1.9,101.5
604,28.9,34.6,23.5,58,0,6.9,0.9,3.5,106.5
605,24.6,28.9,20,78,30.23,6.9,3.9,5.4,101.95833333333333
606,25.3,30,19.6,78,34.29,6.9,5.6,9.4,98.41666666666667
607,26.1,32.2,20.9,70,0,6.6,5,7.6,94.375
608,27.6,34,22.8,63,0,6.9,4.8,7.6,107.625
609,27.9,33.2,22.2,63,0,6.9,3.7,7.6,110.41666666666667
610,25.3,31.2,22.2,76,0,6.9,3.9,7.6,72.25
611,24.4,33.3,21,82,20.32,6.9,3.9,5.4,45.375
612,25.5,30.2,21,78,0,6.9,3.9,7.6,65.16666666666667
613,25.7,31.4,21.6,79,47.75,6.9,3.5,5.4,66.08333333333333
614,24.5,30.9,22,81,0,6.3,5.2,7.6,77.66666666666667
615,24.6,30.4,21.4,77,5.08,7.7,5.2,7.6,70.25
616,22.5,29.6,20.6,86,1.02,6.9,5.6,7.6,56.291666666666664
617,23.6,27.7,20.1,75,15.75,6.9,5.6,11.1,77.0
618,23.7,29.2,20.7,74,1.02,6.9,4.6,11.1,32.958333333333336
619,23.7,28.2,20.8,78,1.27,6.9,4.1,7.6,80.625
620,23.3,29.9,20,82,1.27,6.3,5,7.6,90.70833333333333
621,22.7,28.5,20.4,82,3.3,6.9,4.6,7.6,97.29166666666667
622,21.2,27.5,19.3,85,8.89,6.3,5.9,7.6,50.708333333333336
623,23.3,26.5,19.7,78,0,6.9,5.6,7.6,40.375
624,23.2,27.6,20.2,80,0,6.3,8.3,11.1,61.875
625,23.8,28.2,19.9,76,0.76,6.9,8.1,11.1,0.0
626,23.6,28.8,20.2,78,0,6.3,9.1,11.1,29.666666666666668
627,23.6,26.7,20.3,78,7.11,6.3,8.7,11.1,49.125
628,22.7,27.4,20.6,85,0,5.5,8.1,11.1,43.666666666666664
629,23.8,28.1,20.1,71,0,7.4,10.9,18.3,35.208333333333336
630,25,29.5,19.7,70,0,6.9,6.1,11.1,37.625
631,22.9,28.3,20,77,0,6.3,4.1,7.6,38.583333333333336
632,22.6,28.4,20.1,81,3.3,6.3,5,7.6,36.0
633,21.9,27.7,19.6,82,23.11,7.7,5.7,11.1,70.58333333333333
634,23.9,29,20.4,81,0,6.9,4.6,9.4,33.166666666666664
635,23.3,30.3,20.1,84,32.51,6.3,3.1,5.4,38.25
636,24.1,29.1,20.7,82,24.89,6.3,3.3,7.6,26.583333333333332
637,22.4,26,19.4,82,10.41,6.9,6.1,7.6,15.416666666666666
638,22.2,27,19.8,78,0,6.3,7.4,11.1,41.375
639,22.9,27.2,19.3,71,0,8.5,8.3,11.1,25.541666666666668
640,23.8,27.8,20.5,73,0,7.7,6.7,11.1,31.916666666666668
641,23.5,28.8,19.5,74,4.32,7.7,5.9,9.4,21.125
642,23.9,29,20.3,71,0.25,6.9,6.7,9.4,35.708333333333336
643,24.4,30.2,20.4,71,0,6.9,5,9.4,43.583333333333336
644,24.3,30.1,20.4,74,1.78,6.9,4.1,5.4,46.041666666666664
645,23.1,29.3,21,77,15.24,6.3,4.1,7.6,82.875
646,23.3,28.7,21.2,79,0.25,6.9,5,7.6,30.666666666666668
647,22.4,27.2,20.4,87,0.25,5.5,5.4,7.6,34.416666666666664
648,23.2,26.6,20,82,2.79,7.4,5,7.6,33.166666666666664
649,22.6,26.7,20.6,82,0,6.3,5.2,7.6,30.625
650,23.7,27.2,20.4,75,0,6.9,6.1,11.1,30.333333333333332
651,23.1,27.2,18.8,69,0.51,7.7,4.3,5.4,0.0
652,23.9,28.6,19.3,67,0,6.9,5,7.6,0.0
653,23.6,26.5,20.5,75,0,6.3,5.2,7.6,76.875
654,22.9,28.6,20.5,79,0.51,6.3,5.6,9.4,71.66666666666667
655,24.4,29,19.8,68,0,6.9,6.3,11.1,69.70833333333333
656,23.2,30.6,19.7,71,0,6.9,6.7,9.4,62.375
657,22.7,27.4,20.2,76,0.25,6.9,7.4,11.1,24.875
658,22.6,25.8,19.8,79,0.25,5.5,5,9.4,43.958333333333336
659,24.1,28,20.5,76,0,6.9,5,7.6,41.5
660,24.3,28.6,20.9,75,0,7.4,6.9,11.1,38.791666666666664
661,23.2,29.7,19.6,72,0,6.3,4.6,7.6,30.333333333333332
662,23.6,29.5,18.8,68,0,6.3,3.7,7.6,26.666666666666668
663,25.3,30.7,20.3,64,0,5.5,3.5,5.4,29.0
664,24.6,31.6,19.7,60,0,6.3,3,5.4,61.708333333333336
665,24.6,30.6,19.8,65,0,6.3,5.2,7.6,60.541666666666664
666,23.6,29.3,20.1,72,2.54,5.3,1.5,3.5,80.04166666666667
667,24.8,29,21,59,0,6.9,1.3,3.5,82.83333333333333
668,23.9,30.6,19.4,54,0,6.9,1.9,3.5,95.25
669,25,31.2,18.7,48,0,6.9,0.9,3.5,126.16666666666667
670,24.6,31.1,19.1,50,0,6.9,1.5,3.5,136.70833333333334
671,24.9,31.2,19.1,50,0,6.3,2.8,3.5,160.66666666666666
672,24.8,31.3,19.8,49,0,6.3,0.9,3.5,245.66666666666666
673,24.2,31,18.4,52,0,6.9,0.7,5.4,261.6666666666667
674,25.2,30.8,19.4,45,0,7.4,1.1,3.5,272.4166666666667
675,24.1,29.1,20.1,66,1.52,6.3,2.2,3.5,217.375
676,25.2,30,20.9,61,0,6.9,2.6,7.6,309.375
677,24,31.5,18.7,49,0,6.9,2.2,3.5,321.5416666666667
678,23.4,30.6,18.8,48,0,6.9,3,7.6,278.0
679,22.5,30.3,17.7,49,0,6.9,2.8,7.6,192.33333333333334
680,24.1,30.9,20.4,68,0,5.5,4.3,5.4,196.75
681,24.6,30.1,20.3,61,0,6.9,2.6,7.6,221.54166666666666
682,24.3,30.4,19.6,65,0,6.9,3.7,7.6,210.54166666666666
683,23.3,29.7,18.4,57,0,6.9,3.1,5.4,130.70833333333334
684,22.9,30.5,18.1,47,0,6.9,3.5,5.4,194.70833333333334
685,22.9,31,16.6,40,0,7.7,2.8,3.5,250.875
686,23.4,31.5,15.9,33,0,7.4,2.2,5.4,110.0
687,22.6,31.5,15,39,0,6.9,0.9,3.5,160.0
688,23,32.5,14.2,39,0,6.3,1.3,3.5,217.91666666666666
689,21,26.9,18,86,5.08,5.5,2,5.4,176.375
690,21.1,26.9,18.9,88,4.32,6.3,4.1,5.4,185.95833333333334
691,22.1,28,15,59,0,6.3,2.4,5.4,239.125
692,22.8,29,18.4,61,0,6.6,1.9,5.4,365.2916666666667
693,22.6,29.5,16.2,42,0,6.9,1.9,3.5,312.2083333333333
694,18.9,25,17.7,97,60.71,4,4.3,5.4,121.33333333333333
695,20.3,22,18.6,90,4.32,4,3.9,5.4,202.875
696,21.8,26.5,17.9,70,0,6.3,3.7,7.6,260.1666666666667
697,22,28.9,16.7,57,0,6.3,2.8,5.4,277.7083333333333
698,21.8,29.4,15.6,67,0,6.9,3.5,5.4,284.1666666666667
699,22.6,29,17.7,63,0,5.8,1.3,3.5,288.4166666666667
700,20.6,30.5,14.7,62,0,6,2.2,3.5,166.91666666666666
701,21.8,29,14.8,46,0,5.8,1.5,3.5,169.0
702,21.5,30.4,14.9,42,0,6,3,5.4,186.04166666666666
703,21,27.6,14.6,61,0,6,2.2,3.5,284.79583333333335
704,21.6,27.7,17,59,0,6.8,2,3.5,219.72083333333333
705,22.3,29,16.1,48,0,6.9,2.8,3.5,182.1875
706,20.9,29,16,66,0,5.5,2.2,3.5,154.03750000000002
707,20.9,27.8,16,62,0,6.3,3,5.4,223.20833333333334
708,21,28.5,15,58,0,6.8,3,5.4,200.64583333333337
709,21.2,28,16.9,66,0,5.5,2.2,3.5,285.22499999999997
710,20.7,28.3,17.2,61,0,6.3,2.2,3.5,236.82499999999996
711,20.7,27.2,15.5,61,0,6.3,3.3,5.4,276.90833333333336
712,20.4,28.2,15.8,64,0,6.3,2.8,7.6,108.0
713,21.7,27.6,15.3,64,0,6.3,3.5,5.4,107.625
714,21.7,28.9,18.5,68,0,6.3,5.2,11.1,125.89166666666667
715,22.6,30.3,16.7,52,0,6.3,3.1,5.4,181.01250000000005
716,22.1,26,19.7,79,0.25,6.3,3.5,5.4,152.32083333333335
717,23.9,31.7,18.2,54,0,6.9,2.8,7.6,319.7375
718,23.1,32,16,46,0,6.9,3.3,3.5,332.7083333333333
719,23.5,31.5,16.4,40,0,7.7,3.1,3.5,279.59999999999997
720,22.7,31.7,16.7,50,0,6.9,3.1,5.4,179.11666666666667
721,23.9,30.9,16.1,36,0,6.9,3.1,5.4,54.791666666666664
722,23.8,32.2,16.6,37,0,6.3,3,7.6,93.375
723,23.4,32,15.8,35,0,6.9,3.1,5.4,103.0
724,22.1,29.6,15.8,54,0,6.9,4.3,5.4,132.20833333333334
725,22.6,28.8,17.4,61,0,6.3,3.5,5.4,127.70833333333333
726,23.1,29,17.3,45,0,6.9,3.9,5.4,109.33333333333333
727,23.7,31.2,16.8,42,0,6.9,1.5,5.4,56.458333333333336
728,24.6,31.8,17.7,38,0,6.3,1.9,3.5,135.83333333333334
729,25.9,33.4,19.3,41,0,6.3,2.4,5.4,122.5
730,26.7,35.5,19,31,0,5.5,1.9,3.5,69.66666666666667
731,25.8,34.9,20,41,0,6.9,3.3,5.4,79.83333333333333
732,24.3,33.3,19.1,36,0,6.9,4.3,9.4,62.708333333333336
733,24.2,32.5,16.9,29,0,6.9,3.3,7.6,21.208333333333332
734,24.4,32,15.7,33,0,6.9,3.9,5.4,1.9166666666666667
735,25.8,32,18.2,43,0,6.9,3,5.4,1.8333333333333333
736,25.6,33.8,21.1,62,36.83,6.9,0.4,3.5,117.58333333333333
737,26.7,32.5,21.2,54,0,6.9,2.8,5.4,122.70833333333333
738,25.2,34,22,67,2.54,6.9,3.1,5.4,59.208333333333336
739,25.3,30.4,20.8,57,0,6.9,3.9,7.6,77.20833333333333
740,28,35,22.4,45,0,6.9,3.1,5.4,98.70833333333333
741,28,36,23.2,48,0,6.9,3,5.4,123.70833333333333
742,27.4,34.8,22.4,49,0,6.9,2.4,3.5,64.79166666666667
743,28.1,35.6,20.6,25,0,6.9,1.9,3.5,52.333333333333336
744,28.6,37.2,21.6,28,0,6.9,2.8,5.4,52.041666666666664
745,28.3,36.1,21.2,28,0,6.9,2.4,5.4,128.33333333333334
746,29.2,35.4,22.1,30,0,6.9,2.8,5.4,0.0
747,28.6,35.8,22.5,34,0,6.9,2.8,5.4,23.208333333333332
748,28.9,36.3,21.9,40,0,6.9,3.1,3.5,15.166666666666666
749,29.4,35.6,23.5,39,0,6.9,3.9,5.4,21.25
750,28.6,35.5,22.5,49,0.51,6.9,3,5.4,81.83333333333333
751,30.1,36,24.5,39,0,6.9,3.5,5.4,105.33333333333333
752,29.4,36.5,24.4,43,0,8.5,3.5,3.5,117.75
753,29.3,37,24,31,0,6.9,1.9,3.5,84.5
754,28.8,36.5,23.2,36,0,6.9,4.1,7.6,46.916666666666664
755,29,35.6,22.6,38,0,6.9,3.9,5.4,104.625
756,28.9,35.6,23.5,53,0,6.9,4.1,5.4,110.875
757,26.6,35.7,23,65,0,6.9,4.3,7.6,42.958333333333336
758,26.9,35.2,21.7,60,1.02,6.3,4.4,5.4,0.0
759,28.7,37,22.5,47,1.02,6.9,1.3,3.5,79.91666666666667
760,29.1,35.6,24,48,0,6.9,3,5.4,0.0
761,26.8,35.6,20.5,48,0,6.9,3.9,9.4,94.75
762,27.6,35.1,22.3,49,0,6.9,3.3,7.6,142.5
763,28.2,34.2,23.3,51,0,6.9,2.8,3.5,133.375
764,26.9,37,20.8,59,0,6.9,2.8,3.5,158.29166666666666
765,28.1,33,23.7,60,0,6.9,2,5.4,101.5
766,27.1,33.8,22.5,63,0,6.9,5,7.6,106.5
767,27.1,35,21.8,58,2.54,6.3,6.9,18.3,128.125
768,26.2,35.5,19.4,67,20.07,6.9,4.3,7.6,101.95833333333333
769,26.8,33.7,20.2,61,0,6.9,4.8,9.4,98.41666666666667
770,26.1,35.1,19.9,70,40.89,6.9,4.6,7.6,94.375
771,27.6,34,21.9,67,0,8.5,4.3,7.6,107.625
772,26.2,33.3,21,75,0,6.9,6.1,9.4,110.41666666666667
773,23.1,33.1,20,84,83.31,6.3,5,7.6,95.83333333333333
774,24.9,31.2,20.8,74,0.51,6.9,6.3,9.4,72.25
775,26.1,31.5,20.8,69,0,6.9,4.4,5.4,38.666666666666664
776,26.4,32.1,21.8,70,0,6.9,6.3,9.4,45.375
777,25.7,32.4,22,70,0,6.9,6.3,7.6,65.16666666666667
778,25,29.6,21.5,67,0,6.9,7.4,9.4,77.66666666666667
779,23.4,29.6,21.1,77,0,6.9,8.1,14.8,70.25
780,24.2,27.5,20.7,78,1.02,6.9,7.2,9.4,56.291666666666664
781,25.8,29.7,22,66,1.02,6.9,7.4,11.1,77.0
782,25.1,31.2,21.5,67,0,6.9,7,9.4,32.958333333333336
783,23.4,29,20,76,3.56,6.9,5.2,9.4,80.625
784,24.2,28,21,83,0,6.9,5.7,7.6,90.70833333333333
785,24.6,29,20.8,75,0.25,6.9,7.8,9.4,97.29166666666667
786,24.2,29,20.4,71,0,7.4,11.9,18.3,40.375
787,23.6,29.5,20.4,73,361.19,7.4,10.9,14.8,49.416666666666664
788,25.2,29.7,20.5,66,0,6.9,7.2,11.1,0.0
789,23.2,29.3,20.5,79,6.1,6.9,3.9,5.4,49.125
790,23.2,27.4,20.4,78,2.54,6.9,4.4,7.6,43.666666666666664
791,24.4,28.2,20.2,68,0,6.9,5,9.4,29.833333333333332
792,22.9,28.5,20,75,1.52,7.4,7.6,51.9,35.208333333333336
793,22.9,27,20,73,0,6.9,9.4,14.8,37.625
794,23.5,26.7,20.6,66,9.4,6.9,9.1,11.1,36.0
795,23.8,28.7,19.7,74,0.76,6.9,8.1,11.1,70.58333333333333
796,25.4,30.5,20.5,64,0,6.9,9.1,14.8,38.25
797,24.9,30.7,22,75,1.27,5.8,3,7.6,15.416666666666666
798,25.2,30.5,21.4,67,8.38,6.9,4.8,11.1,41.375
799,25,31.5,21.6,69,1.78,6.9,5.7,9.4,25.541666666666668
800,24.3,31.2,20.3,72,0,6.9,8.9,14.8,28.375
801,25.7,30.2,21.2,65,0,6.3,7.2,11.1,50.333333333333336
802,23.8,31.3,21.5,79,1.02,6.9,5.6,11.1,31.916666666666668
803,23.3,27.6,21.2,75,0,6.3,2.8,5.4,35.291666666666664
804,24.8,27.6,21.6,67,0,6.9,1.9,5.4,26.833333333333332
805,22.3,28.3,19.2,84,128.78,6.9,2.2,7.6,21.125
806,22.6,28.9,20.3,84,5.33,6.3,6.7,14.8,35.708333333333336
807,22.3,28.6,20.3,86,13.21,6.9,8.1,11.1,43.583333333333336
808,23.6,27,20.3,78,3.3,6.9,7,9.4,46.041666666666664
809,22.8,26.8,20.5,86,31.75,4.8,6.3,9.4,82.875
810,23.8,28,20.8,77,0,6.9,9.1,11.1,64.91666666666667
811,22.3,28.5,21,89,0.25,4.8,7.6,14.8,30.666666666666668
812,23.7,30.6,19.8,84,71.88,6.3,4.1,7.6,33.166666666666664
813,22.6,27.8,20.8,92,33.02,4.8,1.9,5.4,30.625
814,23.2,27.3,19.9,87,21.84,5.5,3.7,7.6,30.333333333333332
815,24.1,28.5,21.3,83,6.6,6.3,1.9,3.5,0.0
816,23.9,30,20.5,82,1.27,6.3,2,11.1,0.0
817,23.6,28.2,20,82,68.33,6.8,2,5.4,0.0
818,25.3,31,22.2,72,0,6.9,4.6,7.6,76.875
819,23.7,31.1,21,78,2.29,6.9,6.3,7.6,71.66666666666667
820,23.1,27.2,20.4,75,0,6.3,11.7,14.8,69.70833333333333
821,23.2,27.7,19.4,68,0,6.9,10.9,18.3,62.375
822,22.8,28.5,19.3,80,0,6.3,10,14.8,24.875
823,22.8,29,19.4,81,54.36,6.3,3.3,5.4,43.958333333333336
824,23.8,27.2,20.6,78,9.14,6.9,3.9,9.4,41.5
825,21.9,28.1,20,91,55.88,5.5,4.1,7.6,38.791666666666664
826,23.1,27.4,20.7,85,0.51,6.3,4.3,7.6,30.333333333333332
827,23.3,28.4,19.4,82,45.97,6.3,3.1,5.4,26.666666666666668
828,24.9,28,20.6,74,0,6.9,4.3,7.6,29.0
829,23.7,29,21.2,84,14.48,5.5,1.1,5.4,61.708333333333336
830,24.6,28.8,21.3,80,48.01,6.9,3,7.6,60.541666666666664
831,24.8,29,21.5,80,2.03,6.6,3.1,37,41.583333333333336
832,22.9,27.5,20.5,87,68.07,5.3,2.4,5.4,80.04166666666667
833,22.1,27.6,19.8,93,34.04,3.7,1.9,9.4,82.83333333333333
834,22.3,25.6,19.6,85,40.39,5.3,6.5,7.6,95.25
835,23.7,29,20.1,67,0,6,1.3,3.5,126.16666666666667
836,24.4,29.8,20.4,67,0,6.3,3.1,7.6,136.70833333333334
837,24.8,30.6,20.4,66,0,6.3,3.1,7.6,160.66666666666666
838,25.2,31.3,20.8,64,0,6.3,2.4,5.4,245.66666666666666
839,23.7,29.6,21,68,0,7.7,2.4,5.4,261.6666666666667
840,23.9,28.8,20.2,68,0,6.9,2,5.4,272.4166666666667
841,22.2,26.7,19.4,71,0,6.9,5.6,7.6,149.625
842,21.7,25,19.9,78,0,6.9,5,7.6,99.70833333333333
843,22.9,26.6,18.8,66,0.25,6.9,3.7,7.6,217.375
844,23.2,27.8,19.3,66,0,6.9,3.1,7.6,309.375
845,21.5,25.6,19.2,87,1.52,6.9,3,5.4,321.5416666666667
846,22,26,18.3,80,13.46,6.9,2.2,7.6,278.0
847,22.5,27.2,18.6,64,0,6.3,3.9,5.4,192.33333333333334
848,23.6,28.2,19.3,65,0,6.3,4.1,7.6,224.16666666666666
849,23.5,29.1,19.4,74,0,6.9,0.9,5.4,196.75
850,24.4,28.7,21,74,0,6.3,2,7.6,221.54166666666666
851,24.1,30,20.5,71,0,6.3,2.8,5.4,166.70833333333334
852,24.2,29,20.7,70,0,6.3,3.5,5.4,130.70833333333334
853,23.8,29.6,20.2,70,0,6.3,3.9,5.4,194.70833333333334
854,22.7,30,18.6,65,0,5.8,5,7.6,134.45833333333334
855,22.2,28,17.4,76,0,6,4.1,5.4,110.0
856,22.4,26.8,19.2,78,0,6,5,11.1,160.0
857,19.8,24.7,19,95,10.67,4,7,9.4,118.91666666666667
858,19.8,21.6,18.2,88,8.89,4.8,7,9.4,176.375
859,20.8,23.6,18.3,82,0,6.9,4.6,9.4,185.95833333333334
860,22.8,29.2,18.5,63,0,6.3,3.1,7.6,239.125
861,22.6,29.7,15.9,47,0,6.3,0.7,5.4,365.2916666666667
862,22.7,28.1,19.6,72,0,4.2,1.1,5.4,121.33333333333333
863,22.6,28.5,18.4,63,0,6,4.6,9.4,202.875
864,22.2,29.3,17.1,66,0,6,5.7,7.6,260.1666666666667
865,21,26,15.3,63,0,6.3,6.7,9.4,277.7083333333333
866,22.1,28,17.2,58,0,6.3,3.1,5.4,284.1666666666667
867,22,28.8,16,56,0,6.3,4.3,7.6,288.4166666666667
868,20.4,28.5,16.6,72,0,6,0.9,3.5,166.91666666666666
869,21.6,28,16.2,57,0,6.3,4.8,7.6,169.0
870,20.6,29.2,15.5,57,0,5.8,4.6,5.4,186.04166666666666
871,22.2,28.4,16.6,53,0,7.7,0.9,5.4,284.79583333333335
872,22.2,29,18.4,62,0,6,3.9,5.4,182.1875
873,20.4,27.2,15.2,52,0,6.3,4.1,7.6,154.03750000000002
874,20.1,27.2,14.8,50,0,6.9,6.5,7.6,223.20833333333334
875,21.2,26.6,15.5,59,0,6.3,6.7,9.4,200.64583333333337
876,23.4,30.6,17.6,48,0,6.3,4.1,5.4,285.22499999999997
877,23.3,31,16.3,42,0,5.8,2.8,11.1,236.82499999999996
878,22.4,30.7,16.3,49,0,6.3,3.3,7.6,276.90833333333336
879,20.7,28.7,14.3,48,0,6.9,7.2,9.4,108.0
880,20.4,28,14.2,45,0,6.3,4.6,7.6,107.625
881,20.9,28.5,14.3,46,0,6.3,4.1,7.6,125.89166666666667
882,22.7,29.1,17.1,48,0,6.3,2,5.4,181.01250000000005
883,21.9,29.8,16.2,44,0,6.3,2.6,7.6,152.55416666666667
884,21.3,29,16,53,0,6.9,4.4,11.1,152.32083333333335
885,21.4,29.2,15,42,0,6.9,5.2,9.4,319.7375
886,21.9,29.6,13.2,26,0,6.9,3.1,7.6,332.7083333333333
887,22.6,30.4,15.9,30,0,8.5,5.4,9.4,279.59999999999997
888,21.7,30.1,15.8,32,0,6.9,6.3,11.1,179.11666666666667
889,23.3,32.3,20.2,67,0.51,6.3,3,5.4,54.791666666666664
890,23.3,30,19.2,54,0,6.9,2.4,5.4,93.375
891,24.4,30.2,19.7,61,0,6.9,1.5,5.4,103.0
892,23.5,30.2,18.5,49,0,6.3,5,11.1,132.20833333333334
893,23.3,29.9,17.9,58,0,6.9,5.6,7.6,127.70833333333333
894,23.4,30.7,17.4,60,0,6.3,5.7,7.6,109.33333333333333
895,24.3,32.1,16.8,34,0,6.3,5,9.4,56.458333333333336
896,22.8,32.2,17.4,39,0,6.9,7.4,18.3,135.83333333333334
897,24.2,31.5,17.5,31,0,6.9,5.4,11.1,122.5
898,24.7,31.2,17.3,34,0,7.4,6.9,11.1,69.66666666666667
899,25,32,17.8,34,0,6.9,3.9,5.4,79.83333333333333
900,25.2,32.7,18.2,28,0,6.9,5.9,11.1,62.708333333333336
901,25.2,33.2,18.2,26,0,6.9,5.2,7.6,21.208333333333332
902,25.5,32.5,18.3,25,0,6.9,4.8,7.6,1.9166666666666667
903,25.7,33.2,17.5,21,0,6.9,2.4,5.4,1.8333333333333333
904,25.5,34.6,16.5,29,0,7.7,7,11.1,105.83333333333333
905,25.4,33.5,18.5,25,0,6.9,5.7,9.4,117.58333333333333
906,26.2,33.3,17.8,27,0,6.9,5.9,7.6,122.70833333333333
907,25.8,32.5,20.1,57,0,6.9,4.1,7.6,111.95833333333333
908,26.5,31.6,22.4,50,0,6.9,4.8,11.1,59.208333333333336
909,25.8,32.1,21.6,60,0,6.9,4.6,11.1,77.20833333333333
910,25.6,31,19.6,39,0,7.4,2.8,48.2,98.70833333333333
911,26.7,33.8,19.5,37,0,6.9,2.4,5.4,123.70833333333333
912,27.4,33.7,21.4,44,0,6.9,2.2,3.5,64.79166666666667
913,27.3,33.4,21.7,43,0,7.7,3.9,7.6,52.333333333333336
914,27.1,34.1,20.8,34,0,6.9,3.3,7.6,52.041666666666664
915,27.4,34.4,21.5,42,0,6.9,3.3,5.4,128.33333333333334
916,25.9,34.8,21.1,60,3.3,6.3,4.1,9.4,0.0
917,27.6,33.2,21.2,54,0,6.9,2,7.6,23.208333333333332
918,24.7,33.5,20.6,72,0,6.9,2.2,5.4,15.166666666666666
919,26.1,33.1,19.8,55,13.72,7.4,0.7,3.5,21.25
920,26.7,33.5,21.6,51,0,8.5,3.1,5.4,81.83333333333333
921,26.4,32.6,21,47,0,6.9,5,7.6,105.33333333333333
922,26.2,32.7,21,49,0,6.9,5.2,7.6,117.75
923,27.6,33.5,21.7,51,0,6.9,5.9,11.1,84.5
924,28.3,34,23.1,50,0,6.9,5.2,7.6,46.916666666666664
925,28.2,34.6,23.9,52,0,7.7,3.9,7.6,104.625
926,27.9,34.8,23.9,63,1.02,6.9,2,7.6,110.875
927,25.5,34,22.8,63,17.02,6.9,1.1,5.4,42.958333333333336
928,28.2,34.8,22.2,51,0,7.4,1.1,3.5,0.0
929,26.6,34,22.2,63,3.81,6.9,3.1,7.6,120.875
930,27.2,34.4,22.8,62,0.51,6.9,4.1,5.4,79.91666666666667
931,28.3,34.7,22,51,0.51,9.2,2.8,9.4,0.0
932,26.9,35.2,21.4,64,5.59,6.3,5,11.1,94.75
933,26.5,33,23.3,73,0,7.7,4.8,9.4,142.5
934,25.9,34,20,72,0.76,6.9,3,9.4,133.375
935,27.8,33.5,23.4,57,0,6.9,3.9,7.6,147.83333333333334
936,25.9,33.5,22.8,70,0,6.9,3.7,9.4,158.29166666666666
937,27.2,32.8,21.8,59,0,6.9,4.1,9.4,149.58333333333334
938,24.9,32,21.5,74,0,7.4,1.1,37,101.5
939,23.8,32,21,78,17.78,6.9,1.9,5.4,106.5
940,24.8,31.4,20.6,63,16.51,6.3,0.9,3.5,128.125
941,25.2,32.4,20.5,65,8.64,6.9,2.6,9.4,98.41666666666667
942,24.1,32.4,21.5,77,0,6.3,3.1,11.1,94.375
943,23.5,32,21.4,89,33.02,6.3,4.1,7.6,107.625
944,25,29.8,21.1,78,3.05,5.5,2.4,5.4,110.41666666666667
945,26,30.8,22.2,71,0,6.9,2.2,5.4,95.83333333333333
946,25.6,29.7,20.9,77,10.41,7.7,6.7,9.4,72.25
947,24.4,30.3,21.8,83,0,6.6,3.5,5.4,38.666666666666664
948,23.8,31,20.9,81,1.52,5.5,3.9,7.6,45.375
949,23.7,29.8,20.8,83,1.78,6.9,6.5,7.6,65.16666666666667
950,23.9,30.1,21.7,79,0,6.9,12,14.8,66.08333333333333
951,23.3,29,21.2,83,0,6.3,11.9,16.5,77.66666666666667
952,22,25.8,20.7,86,3.81,6.6,12.8,14.8,70.25
953,24.1,28.3,20.8,77,4.06,6.3,11.3,14.8,56.291666666666664
954,23.2,27.9,21,84,4.06,6.3,7.8,11.1,77.0
955,23.8,29.6,20.5,77,16,6.9,6.5,9.4,32.958333333333336
956,23.8,28.9,20.1,74,0,6.9,12.8,14.8,80.625
957,23.4,29.1,20.7,78,0,6.9,12.6,14.8,90.70833333333333
958,23.5,28,20.9,79,0,6.9,9.1,11.1,97.29166666666667
959,23.5,27.8,20.1,77,0,6.9,8.3,11.1,50.708333333333336
960,23.1,28.1,20.2,75,0,6.9,11.9,16.5,40.375
961,21.9,28,20.1,86,5.08,6.9,10,14.8,49.416666666666664
962,24.2,29.5,20.6,75,0,6.9,9.4,14.8,61.875
963,24.4,30.2,20.7,68,0.51,6.9,8.1,11.1,29.666666666666668
964,22.9,26.3,20.5,82,0,6.9,11.3,16.5,49.125
965,22.4,26.4,20.3,86,0,8,6.7,9.4,43.666666666666664
966,22.8,26.4,20.7,85,1.02,6.9,8.7,14.8,29.833333333333332
967,22.2,27.4,20.5,86,0,7.7,10.9,14.8,35.208333333333336
968,22.4,26.5,20.3,86,4.57,6.9,8.5,11.1,37.625
969,23.6,27.2,20.4,74,1.78,6.9,10,13,41.458333333333336
970,23,28.6,21,79,0,6.9,14.8,25.9,38.583333333333336
971,23,27,20.4,77,0,6.9,14.6,22.2,36.0
972,22.7,26.9,20.3,83,0,8.5,14.8,18.3,70.58333333333333
973,23.3,28.2,20.2,82,1.02,6.9,9.1,14.8,33.166666666666664
974,23.7,28.8,20.6,79,0,6.9,8.9,11.1,38.25
975,23.3,27.3,20.5,76,0,6.9,10.9,16.5,26.583333333333332
976,23.1,28.3,20.3,81,4.83,6.9,10,22.2,15.416666666666666
977,21.9,27.2,19.4,85,5.33,5.5,8.7,18.3,41.375
978,23.6,28,18.7,77,14.99,6.9,9.6,22.2,25.541666666666668
979,23.3,28.6,20.8,76,0,6.9,8.5,16.5,28.375
980,21.9,27.7,19.7,84,11.43,7.4,11.1,14.8,50.333333333333336
981,22,25.4,20,88,3.56,5.5,8.3,13,35.375
982,23.4,27.6,20.2,76,8.89,6.3,9.8,18.3,31.916666666666668
983,21.7,24.6,19.4,85,3.3,7.4,10.2,18.3,35.291666666666664
984,21.9,25,19.6,88,1.02,5.5,10,22.2,26.833333333333332
985,22.2,25.7,20.1,87,6.35,5.5,7.6,11.1,21.125
986,23.3,27.4,20.7,77,0,6.3,13.1,18.3,35.708333333333336
987,22.8,27.3,20.2,78,0,6.9,11.7,18.3,43.583333333333336
988,23.3,27.4,19.7,72,0,6.9,10.6,18.3,46.041666666666664
989,23.7,27.8,19.8,75,41.66,6.9,8.3,11.1,82.875
990,22.4,28.5,20,83,0,6.3,6.3,14.8,64.91666666666667
991,21.9,28.3,19.5,86,8.38,6.3,6.7,11.1,30.666666666666668
992,23.3,28.8,20.3,78,19.81,7.4,6.9,11.1,34.416666666666664
993,23.7,28.3,20,73,0,6.9,6.5,11.1,33.166666666666664
994,23.8,28.2,20.3,71,0.25,6.6,7.8,9.4,30.625
995,24.7,29.3,19.7,61,0,6.9,6.5,9.4,30.333333333333332
996,24.4,29.2,20.3,63,0,6.9,8.7,14.8,0.0
997,24.3,29.1,20.1,66,0,6.9,7.8,14.8,0.0
998,25.7,30,20.5,59,0,6.9,5.4,9.4,0.0
999,25,31.6,22.3,72,0.25,6.9,1.9,3.5,76.875
1000,24.8,30.3,20.4,69,33.02,6.3,1.5,5.4,83.45833333333333
1001,23.9,31.7,20.1,77,16,6.6,2,5.4,71.66666666666667
1002,22.7,29.1,19.5,81,13.97,6.3,5,9.4,62.375
1003,23.5,28.4,20,71,0,6.3,5.7,9.4,24.875
1004,23.9,28.2,18.4,64,0,6.9,4.8,7.6,37.333333333333336
1005,23.7,30.3,19.9,79,32.26,5.5,0.4,3.5,38.791666666666664
1006,25.1,29.2,21.3,72,1.27,6.9,3.5,5.4,48.916666666666664
1007,25.3,29.9,21.4,69,4.32,6.9,3.7,7.6,76.91666666666667
1008,25.5,30.9,21.6,73,0.25,6.9,5.2,7.6,30.333333333333332
1009,24.9,30.3,21.3,71,0,6.9,4.6,5.4,26.666666666666668
1010,24.1,30.4,21.6,75,0.25,6.9,5,7.6,29.0
1011,24.2,28.2,20.2,70,7.87,6.9,3.3,5.4,61.708333333333336
1012,24.1,29.5,20.8,72,0,6.3,3.1,3.5,60.541666666666664
1013,24.3,29.5,20.6,65,4.32,6.3,1.5,5.4,41.583333333333336
1014,25,31.5,20.4,67,0,6.3,2.4,5.4,80.04166666666667
1015,24,30.3,21,75,1.02,6.9,3.1,3.5,82.83333333333333
1016,23.4,29.8,20.1,82,3.81,6.9,0.4,3.5,95.25
1017,24.4,28.7,20.2,71,1.02,7.4,3.1,3.5,126.16666666666667
1018,23.8,29.3,19.7,58,0,6.9,3.1,3.5,136.70833333333334
1019,23.7,29,19.7,60,0,6.3,5,7.6,160.66666666666666
1020,23.9,30.2,18.2,58,0,5.5,5,9.4,245.66666666666666
1021,23.8,29.3,18.7,58,0,6.6,4.6,7.6,261.6666666666667
1022,23.4,29.5,18.2,51,0,6.9,3.7,7.6,272.4166666666667
1023,24.8,30.1,19.7,64,0,6.3,4.6,11.1,149.625
1024,24.3,30.4,20,65,0,6.3,3.9,5.4,99.70833333333333
1025,22.9,30.3,19.8,78,0,6.6,5.2,5.4,217.375
1026,22.8,27.7,20.4,81,0.51,5.5,8.1,14.8,309.375
1027,23.3,30,18,48,0,6.9,3.9,7.6,321.5416666666667
1028,22.2,29.6,16,60,0,6.9,3,5.4,278.0
1029,23.4,29.2,17.5,58,0,6.3,5,7.6,192.33333333333334
1030,22.4,30,16.2,44,0,6.9,1.3,3.5,224.16666666666666
1031,23,30.5,14.8,44,0,6.9,0.9,3.5,196.75
1032,23.3,31,16.5,68,0,6.9,5.4,7.6,221.54166666666666
1033,22.6,27.6,19.2,70,0,4.8,3.1,5.4,134.45833333333334
1034,22.2,28.8,18,66,0,5.6,3.3,5.4,110.0
1035,20.8,29,16.3,64,0,5,5,9.4,160.0
1036,21.8,29.5,18,62,0,6.3,4.3,9.4,118.91666666666667
1037,21.8,28.3,15.6,56,0,6.9,4.6,7.6,176.375
1038,21.7,28.8,18.2,67,0,6.9,3.3,7.6,185.95833333333334
1039,22.3,29.3,18.3,70,0,6.8,3.1,5.4,239.125
1040,22.5,28.2,17.7,72,0,6.8,4.8,7.6,365.2916666666667
1041,23.1,29.4,17.6,62,0,5.8,5.2,11.1,312.2083333333333
1042,22.3,29.9,18.7,70,0,6,3,9.4,121.33333333333333
1043,22.8,28.9,17.7,59,0,5.3,3.1,5.4,202.875
1044,21.8,28.9,17.7,59,0,6.3,7,9.4,260.1666666666667
1045,21.6,28.5,16,67,0,6.3,3.1,11.1,277.7083333333333
1046,22.2,27.7,17.7,63,0,6.9,2.8,7.6,284.1666666666667
1047,22.7,28.4,18.1,65,0,6.3,3.9,5.4,288.4166666666667
1048,23.4,29.1,18.4,62,0,6,5.7,9.4,166.91666666666666
1049,23.8,30.2,17.7,56,0,5.5,6.1,9.4,169.0
1050,24,31.4,19,63,0,6.3,5.4,7.6,186.04166666666666
1051,20.9,25.8,16.6,51,0,6.6,3.9,11.1,108.08333333333333
